{
    "beanClasses": {
        "com.day.cq.wcm.api.Page":
        {
            "hidden": true,
            "members" : [
                {"name":"language"},
                {"name":"lastModifiedBy"},
                {"name":"listChildren"},
                {"name":"name"},
                {"name":"navigationTitle"},
                {"name":"pageTitle"},
                {"name":"parent"},
                {"name":"path"},
                {"name":"properties"},
                {"name":"tags"},
                {"name":"title"},
                {"name":"vanityUrl"},
                {"name":"hasChild"},
                {"name":"hasContent"},
                {"name":"isHideInNav"},
                {"name":"isLocked"},
                {"name":"isValid"}]},
        "com.day.cq.wcm.api.WCMMode":
        {
            "hidden": true,
            "members" : [
                {"name":"edit"},
                {"name":"preview"},
                {"name":"disabled"},
                {"name":"design"}]
        }
    },

    "beans": {
        "currentPage": {
            "name": "currentPage",
            "clazz": "com.day.cq.wcm.api.Page"
        },
        "wcmmode": {
            "name": "wcmmode",
            "clazz": "com.day.cq.wcm.api.WCMMode"
        }
    }
}
